Nro de Socio,Actividad,fecha de asistencia,Asistencia,Profesor,,,,
SN-4148,Futsal,3/3/2025,P,Pablo Rodrigez,,,,
SN-4148,Futsal,3/10/2025,P,Pablo Rodrigez,,,,
SN-4148,Futsal,3/17/2025,P,Pablo Rodrigez,,,,
SN-4148,Futsal,3/24/2025,P,Pablo Rodrigez,,,,
SN-4148,Futsal,3/31/2025,P,Pablo Rodrigez,,,,
SN-4148,Futsal,4/7/2025,P,Pablo Rodrigez,,,,
SN-4148,Futsal,4/14/2025,P,Pablo Rodrigez,,,,
SN-4144,Futsal,3/3/2025,P,Pablo Rodrigez,,,,
SN-4144,Futsal,3/10/2025,P,Pablo Rodrigez,,,,
SN-4144,Futsal,3/17/2025,P,Pablo Rodrigez,,,,
SN-4144,Futsal,3/24/2025,J,Pablo Rodrigez,,,,
SN-4144,Futsal,3/31/2025,P,Pablo Rodrigez,,,,
SN-4144,Futsal,4/7/2025,P,Pablo Rodrigez,,,,
SN-4144,Futsal,4/14/2025,P,Pablo Rodrigez,,,,
SN-4149,Futsal,3/3/2025,P,Pablo Rodrigez,,,,
SN-4149,Futsal,3/10/2025,A,Pablo Rodrigez,,,,
SN-4149,Futsal,3/17/2025,P,Pablo Rodrigez,,,,
SN-4149,Futsal,3/24/2025,P,Pablo Rodrigez,,,,
SN-4149,Futsal,3/31/2025,P,Pablo Rodrigez,,,,
SN-4149,Futsal,4/7/2025,P,Pablo Rodrigez,,,,
SN-4149,Futsal,4/14/2025,P,Pablo Rodrigez,,,,
SN-4150,Futsal,3/3/2025,P,Pablo Rodrigez,,,,
SN-4129,Futsal,3/10/2025,A,Pablo Rodrigez,,,,
SN-4129,Futsal,3/17/2025,P,Pablo Rodrigez,,,,
SN-4129,Futsal,3/24/2025,P,Pablo Rodrigez,,,,
SN-4129,Futsal,3/31/2025,P,Pablo Rodrigez,,,,
SN-4129,Futsal,4/7/2025,P,Pablo Rodrigez,,,,
SN-4129,Futsal,4/14/2025,P,Pablo Rodrigez,,,,
SN-4132,Futsal,3/3/2025,P,Pablo Rodrigez,,,,
SN-4132,Futsal,3/10/2025,P,Pablo Rodrigez,,,,
SN-4132,Futsal,3/17/2025,P,Pablo Rodrigez,,,,
SN-4132,Futsal,3/24/2025,P,Pablo Rodrigez,,,,
SN-4132,Futsal,3/31/2025,J,Pablo Rodrigez,,,,
SN-4132,Futsal,4/7/2025,P,Pablo Rodrigez,,,,
SN-4132,Futsal,4/14/2025,P,Pablo Rodrigez,,,,
SN-4133,Futsal,3/3/2025,P,Pablo Rodrigez,,,,
SN-4133,Futsal,3/10/2025,P,Pablo Rodrigez,,,,
SN-4133,Futsal,3/17/2025,P,Pablo Rodrigez,,,,
SN-4133,Futsal,3/24/2025,P,Pablo Rodrigez,,,,
SN-4133,Futsal,3/31/2025,P,Pablo Rodrigez,,,,
SN-4133,Futsal,4/7/2025,P,Pablo Rodrigez,,,,
SN-4133,Futsal,4/14/2025,P,Pablo Rodrigez,,,,
SN-4143,Futsal,3/3/2025,P,Pablo Rodrigez,,,,
SN-4143,Futsal,3/10/2025,A,Pablo Rodrigez,,,,
SN-4143,Futsal,3/17/2025,J,Pablo Rodrigez,,,,
SN-4143,Futsal,3/24/2025,P,Pablo Rodrigez,,,,
SN-4143,Futsal,3/31/2025,P,Pablo Rodrigez,,,,
SN-4143,Futsal,4/7/2025,A,Pablo Rodrigez,,,,
SN-4143,Futsal,4/14/2025,P,Pablo Rodrigez,,,,
SN-4154,Futsal,3/3/2025,P,Pablo Rodrigez,,,,
SN-4154,Futsal,3/10/2025,A,Pablo Rodrigez,,,,
SN-4154,Futsal,3/17/2025,P,Pablo Rodrigez,,,,
SN-4154,Futsal,3/24/2025,P,Pablo Rodrigez,,,,
SN-4154,Futsal,3/31/2025,P,Pablo Rodrigez,,,,
SN-4154,Futsal,4/7/2025,P,Pablo Rodrigez,,,,
SN-4154,Futsal,4/14/2025,P,Pablo Rodrigez,,,,
SN-4134,Futsal,3/3/2025,P,Pablo Rodrigez,,,,
SN-4134,Futsal,3/10/2025,P,Pablo Rodrigez,,,,
SN-4134,Futsal,3/17/2025,P,Pablo Rodrigez,,,,
SN-4134,Futsal,3/24/2025,J,Pablo Rodrigez,,,,
SN-4134,Futsal,3/31/2025,P,Pablo Rodrigez,,,,
SN-4134,Futsal,4/7/2025,A,Pablo Rodrigez,,,,
SN-4134,Futsal,4/14/2025,P,Pablo Rodrigez,,,,
SN-4137,Futsal,3/3/2025,P,Pablo Rodrigez,,,,
SN-4137,Futsal,3/10/2025,P,Pablo Rodrigez,,,,
SN-4137,Futsal,3/17/2025,J,Pablo Rodrigez,,,,
SN-4137,Futsal,3/24/2025,P,Pablo Rodrigez,,,,
SN-4137,Futsal,3/31/2025,P,Pablo Rodrigez,,,,
SN-4137,Futsal,4/7/2025,P,Pablo Rodrigez,,,,
SN-4137,Futsal,4/14/2025,P,Pablo Rodrigez,,,,
SN-4151,Futsal,3/3/2025,P,Pablo Rodrigez,,,,
SN-4151,Futsal,3/10/2025,A,Pablo Rodrigez,,,,
SN-4151,Futsal,3/17/2025,P,Pablo Rodrigez,,,,
SN-4151,Futsal,3/24/2025,P,Pablo Rodrigez,,,,
SN-4151,Futsal,3/31/2025,P,Pablo Rodrigez,,,,
SN-4151,Futsal,4/7/2025,P,Pablo Rodrigez,,,,
SN-4151,Futsal,4/14/2025,J,Pablo Rodrigez,,,,
SN-4145,Futsal,3/3/2025,J,Pablo Rodrigez,,,,
SN-4145,Futsal,3/10/2025,P,Pablo Rodrigez,,,,
SN-4145,Futsal,3/17/2025,P,Pablo Rodrigez,,,,
SN-4145,Futsal,3/24/2025,P,Pablo Rodrigez,,,,
SN-4145,Futsal,3/31/2025,J,Pablo Rodrigez,,,,
SN-4145,Futsal,4/7/2025,P,Pablo Rodrigez,,,,
SN-4145,Futsal,4/14/2025,P,Pablo Rodrigez,,,,
SN-4139,Futsal,3/3/2025,P,Pablo Rodrigez,,,,
SN-4139,Futsal,3/10/2025,P,Pablo Rodrigez,,,,
SN-4139,Futsal,3/17/2025,J,Pablo Rodrigez,,,,
SN-4139,Futsal,3/24/2025,J,Pablo Rodrigez,,,,
SN-4139,Futsal,3/31/2025,P,Pablo Rodrigez,,,,
SN-4139,Futsal,4/7/2025,P,Pablo Rodrigez,,,,
SN-4139,Futsal,4/14/2025,P,Pablo Rodrigez,,,,
SN-4142,Futsal,3/3/2025,P,Pablo Rodrigez,,,,
SN-4142,Futsal,3/10/2025,P,Pablo Rodrigez,,,,
SN-4142,Futsal,3/17/2025,J,Pablo Rodrigez,,,,
SN-4142,Futsal,3/24/2025,P,Pablo Rodrigez,,,,
SN-4142,Futsal,3/31/2025,P,Pablo Rodrigez,,,,
SN-4142,Futsal,4/7/2025,P,Pablo Rodrigez,,,,
SN-4142,Futsal,4/14/2025,P,Pablo Rodrigez,,,,
SN-4146,Futsal,3/3/2025,P,Pablo Rodrigez,,,,
SN-4146,Futsal,3/10/2025,A,Pablo Rodrigez,,,,
SN-4146,Futsal,3/17/2025,P,Pablo Rodrigez,,,,
SN-4146,Futsal,3/24/2025,J,Pablo Rodrigez,,,,
SN-4146,Futsal,3/31/2025,P,Pablo Rodrigez,,,,
SN-4146,Futsal,4/7/2025,P,Pablo Rodrigez,,,,
SN-4146,Futsal,4/14/2025,J,Pablo Rodrigez,,,,
SN-4141,Futsal,3/3/2025,P,Pablo Rodrigez,,,,
SN-4152,Futsal,3/10/2025,P,Pablo Rodrigez,,,,
SN-4152,Futsal,3/17/2025,P,Pablo Rodrigez,,,,
SN-4152,Futsal,3/24/2025,J,Pablo Rodrigez,,,,
SN-4152,Futsal,3/31/2025,P,Pablo Rodrigez,,,,
SN-4152,Futsal,4/7/2025,P,Pablo Rodrigez,,,,
SN-4152,Futsal,4/14/2025,J,Pablo Rodrigez,,,,
SN-4147,Futsal,3/3/2025,J,Pablo Rodrigez,,,,
SN-4153,Futsal,3/10/2025,P,Pablo Rodrigez,,,,
SN-4153,Futsal,3/17/2025,P,Pablo Rodrigez,,,,
SN-4153,Futsal,3/24/2025,P,Pablo Rodrigez,,,,
SN-4153,Futsal,3/31/2025,P,Pablo Rodrigez,,,,
SN-4153,Futsal,4/7/2025,P,Pablo Rodrigez,,,,
SN-4153,Futsal,4/14/2025,P,Pablo Rodrigez,,,,
SN-4148,Vóley,3/4/2025,P,Ana Paula Alvarez,,,,
SN-4148,Vóley,3/11/2025,P,Ana Paula Alvarez,,,,
SN-4148,Vóley,3/18/2025,J,Ana Paula Alvarez,,,,
SN-4148,Vóley,3/25/2025,P,Ana Paula Alvarez,,,,
SN-4148,Vóley,4/1/2025,P,Ana Paula Alvarez,,,,
SN-4148,Vóley,4/8/2025,P,Ana Paula Alvarez,,,,
SN-4148,Vóley,4/15/2025,J,Ana Paula Alvarez,,,,
SN-4144,Vóley,3/4/2025,P,Ana Paula Alvarez,,,,
SN-4144,Vóley,3/11/2025,P,Ana Paula Alvarez,,,,
SN-4144,Vóley,3/18/2025,P,Ana Paula Alvarez,,,,
SN-4144,Vóley,3/25/2025,J,Ana Paula Alvarez,,,,
SN-4144,Vóley,4/1/2025,P,Ana Paula Alvarez,,,,
SN-4144,Vóley,4/8/2025,P,Ana Paula Alvarez,,,,
SN-4144,Vóley,4/15/2025,P,Ana Paula Alvarez,,,,
SN-4149,Vóley,3/4/2025,A,Ana Paula Alvarez,,,,
SN-4149,Vóley,3/11/2025,P,Ana Paula Alvarez,,,,
SN-4149,Vóley,3/18/2025,P,Ana Paula Alvarez,,,,
SN-4149,Vóley,3/25/2025,J,Ana Paula Alvarez,,,,
SN-4149,Vóley,4/1/2025,P,Ana Paula Alvarez,,,,
SN-4149,Vóley,4/8/2025,P,Ana Paula Alvarez,,,,
SN-4149,Vóley,4/15/2025,P,Ana Paula Alvarez,,,,
SN-4150,Vóley,3/4/2025,A,Ana Paula Alvarez,,,,
SN-4150,Vóley,3/11/2025,P,Ana Paula Alvarez,,,,
SN-4150,Vóley,3/18/2025,P,Ana Paula Alvarez,,,,
SN-4150,Vóley,3/25/2025,J,Ana Paula Alvarez,,,,
SN-4150,Vóley,4/1/2025,P,Ana Paula Alvarez,,,,
SN-4150,Vóley,4/8/2025,P,Ana Paula Alvarez,,,,
SN-4150,Vóley,4/15/2025,P,Ana Paula Alvarez,,,,
SN-4129,Vóley,3/4/2025,A,Ana Paula Alvarez,,,,
SN-4129,Vóley,3/11/2025,P,Ana Paula Alvarez,,,,
SN-4129,Vóley,3/18/2025,P,Ana Paula Alvarez,,,,
SN-4129,Vóley,3/25/2025,P,Ana Paula Alvarez,,,,
SN-4129,Vóley,4/1/2025,P,Ana Paula Alvarez,,,,
SN-4129,Vóley,4/8/2025,J,Ana Paula Alvarez,,,,
SN-4129,Vóley,4/15/2025,P,Ana Paula Alvarez,,,,
SN-4132,Vóley,3/4/2025,P,Ana Paula Alvarez,,,,
SN-4132,Vóley,3/11/2025,J,Ana Paula Alvarez,,,,
SN-4132,Vóley,3/18/2025,P,Ana Paula Alvarez,,,,
SN-4132,Vóley,3/25/2025,P,Ana Paula Alvarez,,,,
SN-4132,Vóley,4/1/2025,P,Ana Paula Alvarez,,,,
SN-4132,Vóley,4/8/2025,P,Ana Paula Alvarez,,,,
SN-4132,Vóley,4/15/2025,J,Ana Paula Alvarez,,,,
SN-4133,Vóley,3/4/2025,P,Ana Paula Alvarez,,,,
SN-4133,Vóley,3/11/2025,P,Ana Paula Alvarez,,,,
SN-4133,Vóley,3/18/2025,J,Ana Paula Alvarez,,,,
SN-4133,Vóley,3/25/2025,P,Ana Paula Alvarez,,,,
SN-4133,Vóley,4/1/2025,P,Ana Paula Alvarez,,,,
SN-4133,Vóley,4/8/2025,P,Ana Paula Alvarez,,,,
SN-4133,Vóley,4/15/2025,P,Ana Paula Alvarez,,,,
SN-4143,Vóley,3/4/2025,A,Ana Paula Alvarez,,,,
SN-4143,Vóley,3/11/2025,P,Ana Paula Alvarez,,,,
SN-4143,Vóley,3/18/2025,P,Ana Paula Alvarez,,,,
SN-4143,Vóley,3/25/2025,P,Ana Paula Alvarez,,,,
SN-4143,Vóley,4/1/2025,P,Ana Paula Alvarez,,,,
SN-4143,Vóley,4/8/2025,J,Ana Paula Alvarez,,,,
SN-4143,Vóley,4/15/2025,P,Ana Paula Alvarez,,,,
SN-4154,Vóley,3/4/2025,P,Ana Paula Alvarez,,,,
SN-4154,Vóley,3/11/2025,J,Ana Paula Alvarez,,,,
SN-4154,Vóley,3/18/2025,P,Ana Paula Alvarez,,,,
SN-4154,Vóley,3/25/2025,P,Ana Paula Alvarez,,,,
SN-4154,Vóley,4/1/2025,P,Ana Paula Alvarez,,,,
SN-4154,Vóley,4/8/2025,P,Ana Paula Alvarez,,,,
SN-4154,Vóley,4/15/2025,J,Ana Paula Alvarez,,,,
SN-4134,Vóley,3/4/2025,P,Ana Paula Alvarez,,,,
SN-4134,Vóley,3/11/2025,P,Ana Paula Alvarez,,,,
SN-4134,Vóley,3/18/2025,P,Ana Paula Alvarez,,,,
SN-4134,Vóley,3/25/2025,J,Ana Paula Alvarez,,,,
SN-4134,Vóley,4/1/2025,P,Ana Paula Alvarez,,,,
SN-4134,Vóley,4/8/2025,P,Ana Paula Alvarez,,,,
SN-4134,Vóley,4/15/2025,P,Ana Paula Alvarez,,,,
SN-4127,Taekwondo,3/5/2025,P,Kito Mihaji,,,,
SN-4127,Taekwondo,3/12/2025,P,Kito Mihaji,,,,
SN-4127,Taekwondo,3/19/2025,J,Kito Mihaji,,,,
SN-4127,Taekwondo,3/26/2025,P,Kito Mihaji,,,,
SN-4127,Taekwondo,4/2/2025,P,Kito Mihaji,,,,
SN-4127,Taekwondo,4/9/2025,P,Kito Mihaji,,,,
SN-4128,Taekwondo,3/5/2025,P,Kito Mihaji,,,,
SN-4128,Taekwondo,3/12/2025,J,Kito Mihaji,,,,
SN-4128,Taekwondo,3/19/2025,P,Kito Mihaji,,,,
SN-4128,Taekwondo,3/26/2025,P,Kito Mihaji,,,,
SN-4128,Taekwondo,4/2/2025,J,Kito Mihaji,,,,
SN-4128,Taekwondo,4/9/2025,P,Kito Mihaji,,,,
SN-4130,Taekwondo,3/5/2025,P,Kito Mihaji,,,,
SN-4130,Taekwondo,3/12/2025,P,Kito Mihaji,,,,
SN-4130,Taekwondo,3/19/2025,J,Kito Mihaji,,,,
SN-4130,Taekwondo,3/26/2025,P,Kito Mihaji,,,,
SN-4130,Taekwondo,4/2/2025,P,Kito Mihaji,,,,
SN-4130,Taekwondo,4/9/2025,P,Kito Mihaji,,,,
SN-4131,Taekwondo,3/5/2025,P,Kito Mihaji,,,,
SN-4131,Taekwondo,3/12/2025,J,Kito Mihaji,,,,
SN-4131,Taekwondo,3/19/2025,P,Kito Mihaji,,,,
SN-4131,Taekwondo,3/26/2025,P,Kito Mihaji,,,,
SN-4131,Taekwondo,4/2/2025,P,Kito Mihaji,,,,
SN-4131,Taekwondo,4/9/2025,J,Kito Mihaji,,,,
SN-4135,Taekwondo,3/5/2025,P,Kito Mihaji,,,,
SN-4135,Taekwondo,3/12/2025,P,Kito Mihaji,,,,
SN-4135,Taekwondo,3/19/2025,P,Kito Mihaji,,,,
SN-4135,Taekwondo,3/26/2025,P,Kito Mihaji,,,,
SN-4135,Taekwondo,4/2/2025,P,Kito Mihaji,,,,
SN-4135,Taekwondo,4/9/2025,J,Kito Mihaji,,,,
SN-4136,Taekwondo,3/5/2025,P,Kito Mihaji,,,,
SN-4136,Taekwondo,3/12/2025,P,Kito Mihaji,,,,
SN-4136,Taekwondo,3/19/2025,P,Kito Mihaji,,,,
SN-4136,Taekwondo,3/26/2025,P,Kito Mihaji,,,,
SN-4136,Taekwondo,4/2/2025,J,Kito Mihaji,,,,
SN-4136,Taekwondo,4/9/2025,P,Kito Mihaji,,,,
SN-4138,Taekwondo,3/5/2025,P,Kito Mihaji,,,,
SN-4138,Taekwondo,3/12/2025,P,Kito Mihaji,,,,
SN-4138,Taekwondo,3/19/2025,J,Kito Mihaji,,,,
SN-4138,Taekwondo,3/26/2025,P,Kito Mihaji,,,,
SN-4138,Taekwondo,4/2/2025,P,Kito Mihaji,,,,
SN-4138,Taekwondo,4/9/2025,P,Kito Mihaji,,,,
SN-4140,Taekwondo,3/5/2025,P,Kito Mihaji,,,,
SN-4140,Taekwondo,3/12/2025,J,Kito Mihaji,,,,
SN-4140,Taekwondo,3/19/2025,P,Kito Mihaji,,,,
SN-4140,Taekwondo,3/26/2025,P,Kito Mihaji,,,,
SN-4140,Taekwondo,4/2/2025,P,Kito Mihaji,,,,
SN-4140,Taekwondo,4/9/2025,J,Kito Mihaji,,,,
SN-4144,Baile artístico,3/6/2025,P,Carolina Herreta,,,,
SN-4144,Baile artístico,3/13/2025,P,Carolina Herreta,,,,
SN-4144,Baile artístico,3/20/2025,P,Carolina Herreta,,,,
SN-4144,Baile artístico,3/27/2025,J,Carolina Herreta,,,,
SN-4144,Baile artístico,4/3/2025,P,Carolina Herreta,,,,
SN-4144,Baile artístico,4/10/2025,P,Carolina Herreta,,,,
SN-4122,Baile artístico,3/6/2025,P,Carolina Herreta,,,,
SN-4122,Baile artístico,3/13/2025,P,Carolina Herreta,,,,
SN-4122,Baile artístico,3/20/2025,J,Carolina Herreta,,,,
SN-4122,Baile artístico,3/27/2025,P,Carolina Herreta,,,,
SN-4122,Baile artístico,4/3/2025,P,Carolina Herreta,,,,
SN-4122,Baile artístico,4/10/2025,P,Carolina Herreta,,,,
SN-4123,Baile artístico,3/6/2025,P,Carolina Herreta,,,,
SN-4123,Baile artístico,3/13/2025,P,Carolina Herreta,,,,
SN-4123,Baile artístico,3/20/2025,P,Carolina Herreta,,,,
SN-4123,Baile artístico,3/27/2025,P,Carolina Herreta,,,,
SN-4123,Baile artístico,4/3/2025,P,Carolina Herreta,,,,
SN-4123,Baile artístico,4/10/2025,J,Carolina Herreta,,,,
SN-4124,Baile artístico,3/6/2025,P,Carolina Herreta,,,,
SN-4124,Baile artístico,3/13/2025,P,Carolina Herreta,,,,
SN-4124,Baile artístico,3/20/2025,P,Carolina Herreta,,,,
SN-4124,Baile artístico,3/27/2025,P,Carolina Herreta,,,,
SN-4124,Baile artístico,4/3/2025,P,Carolina Herreta,,,,
SN-4124,Baile artístico,4/10/2025,P,Carolina Herreta,,,,
SN-4126,Baile artístico,3/6/2025,P,Carolina Herreta,,,,
SN-4126,Baile artístico,3/13/2025,P,Carolina Herreta,,,,
SN-4126,Baile artístico,3/20/2025,P,Carolina Herreta,,,,
SN-4126,Baile artístico,3/27/2025,P,Carolina Herreta,,,,
SN-4126,Baile artístico,4/3/2025,A,Carolina Herreta,,,,
SN-4126,Baile artístico,4/10/2025,P,Carolina Herreta,,,,
SN-4129,Baile artístico,3/6/2025,P,Carolina Herreta,,,,
SN-4129,Baile artístico,3/13/2025,P,Carolina Herreta,,,,
SN-4129,Baile artístico,3/20/2025,J,Carolina Herreta,,,,
SN-4129,Baile artístico,3/27/2025,P,Carolina Herreta,,,,
SN-4129,Baile artístico,4/3/2025,P,Carolina Herreta,,,,
SN-4129,Baile artístico,4/10/2025,P,Carolina Herreta,,,,
SN-4131,Baile artístico,3/6/2025,P,Carolina Herreta,,,,
SN-4131,Baile artístico,3/13/2025,J,Carolina Herreta,,,,
SN-4131,Baile artístico,3/20/2025,P,Carolina Herreta,,,,
SN-4131,Baile artístico,3/27/2025,P,Carolina Herreta,,,,
SN-4131,Baile artístico,4/3/2025,P,Carolina Herreta,,,,
SN-4131,Baile artístico,4/10/2025,P,Carolina Herreta,,,,
SN-4133,Baile artístico,3/6/2025,P,Carolina Herreta,,,,
SN-4133,Baile artístico,3/13/2025,P,Carolina Herreta,,,,
SN-4133,Baile artístico,3/20/2025,P,Carolina Herreta,,,,
SN-4133,Baile artístico,3/27/2025,J,Carolina Herreta,,,,
SN-4133,Baile artístico,4/3/2025,P,Carolina Herreta,,,,
SN-4133,Baile artístico,4/10/2025,P,Carolina Herreta,,,,
SN-4143,Baile artístico,3/6/2025,P,Carolina Herreta,,,,
SN-4143,Baile artístico,3/13/2025,J,Carolina Herreta,,,,
SN-4143,Baile artístico,3/20/2025,P,Carolina Herreta,,,,
SN-4143,Baile artístico,3/27/2025,P,Carolina Herreta,,,,
SN-4143,Baile artístico,4/3/2025,P,Carolina Herreta,,,,
SN-4143,Baile artístico,4/10/2025,P,Carolina Herreta,,,,
SN-4154,Baile artístico,3/6/2025,P,Carolina Herreta,,,,
SN-4154,Baile artístico,3/13/2025,J,Carolina Herreta,,,,
SN-4154,Baile artístico,3/20/2025,P,Carolina Herreta,,,,
SN-4154,Baile artístico,3/27/2025,P,Carolina Herreta,,,,
SN-4154,Baile artístico,4/3/2025,P,Carolina Herreta,,,,
SN-4154,Baile artístico,4/10/2025,P,Carolina Herreta,,,,
SN-4134,Baile artístico,3/6/2025,J,Carolina Herreta,,,,
SN-4134,Baile artístico,3/13/2025,P,Carolina Herreta,,,,
SN-4134,Baile artístico,3/20/2025,P,Carolina Herreta,,,,
SN-4134,Baile artístico,3/27/2025,P,Carolina Herreta,,,,
SN-4134,Baile artístico,4/3/2025,P,Carolina Herreta,,,,
SN-4134,Baile artístico,4/10/2025,J,Carolina Herreta,,,,
SN-4145,Baile artístico,3/6/2025,P,Carolina Herreta,,,,
SN-4145,Baile artístico,3/13/2025,P,Carolina Herreta,,,,
SN-4145,Baile artístico,3/20/2025,P,Carolina Herreta,,,,
SN-4145,Baile artístico,3/27/2025,P,Carolina Herreta,,,,
SN-4145,Baile artístico,4/3/2025,A,Carolina Herreta,,,,
SN-4145,Baile artístico,4/10/2025,P,Carolina Herreta,,,,
SN-4138,Baile artístico,3/6/2025,P,Carolina Herreta,,,,
SN-4138,Baile artístico,3/13/2025,P,Carolina Herreta,,,,
SN-4138,Baile artístico,3/20/2025,P,Carolina Herreta,,,,
SN-4138,Baile artístico,3/27/2025,P,Carolina Herreta,,,,
SN-4138,Baile artístico,4/3/2025,A,Carolina Herreta,,,,
SN-4138,Baile artístico,4/10/2025,P,Carolina Herreta,,,,
SN-4139,Baile artístico,3/6/2025,P,Carolina Herreta,,,,
SN-4139,Baile artístico,3/13/2025,P,Carolina Herreta,,,,
SN-4139,Baile artístico,3/20/2025,J,Carolina Herreta,,,,
SN-4139,Baile artístico,3/27/2025,P,Carolina Herreta,,,,
SN-4139,Baile artístico,4/3/2025,P,Carolina Herreta,,,,
SN-4139,Baile artístico,4/10/2025,J,Carolina Herreta,,,,
SN-4142,Baile artístico,3/6/2025,P,Carolina Herreta,,,,
SN-4142,Baile artístico,3/13/2025,P,Carolina Herreta,,,,
SN-4142,Baile artístico,3/20/2025,P,Carolina Herreta,,,,
SN-4142,Baile artístico,3/27/2025,J,Carolina Herreta,,,,
SN-4142,Baile artístico,4/3/2025,P,Carolina Herreta,,,,
SN-4142,Baile artístico,4/10/2025,P,Carolina Herreta,,,,
SN-4146,Baile artístico,3/6/2025,P,Carolina Herreta,,,,
SN-4146,Baile artístico,3/13/2025,P,Carolina Herreta,,,,
SN-4146,Baile artístico,3/20/2025,J,Carolina Herreta,,,,
SN-4146,Baile artístico,3/27/2025,P,Carolina Herreta,,,,
SN-4146,Baile artístico,4/3/2025,P,Carolina Herreta,,,,
SN-4146,Baile artístico,4/10/2025,P,Carolina Herreta,,,,
SN-4141,Baile artístico,3/6/2025,P,Carolina Herreta,,,,
SN-4141,Baile artístico,3/13/2025,J,Carolina Herreta,,,,
SN-4141,Baile artístico,3/20/2025,P,Carolina Herreta,,,,
SN-4141,Baile artístico,3/27/2025,P,Carolina Herreta,,,,
SN-4141,Baile artístico,4/3/2025,A,Carolina Herreta,,,,
SN-4141,Baile artístico,4/10/2025,P,Carolina Herreta,,,,
SN-4140,Baile artístico,3/6/2025,P,Carolina Herreta,,,,
SN-4140,Baile artístico,3/13/2025,P,Carolina Herreta,,,,
SN-4140,Baile artístico,3/20/2025,J,Carolina Herreta,,,,
SN-4140,Baile artístico,3/27/2025,P,Carolina Herreta,,,,
SN-4140,Baile artístico,4/3/2025,A,Carolina Herreta,,,,
SN-4140,Baile artístico,4/10/2025,P,Carolina Herreta,,,,
SN-4121,Natación,3/7/2025,P,Paula Quiroga,,,,
SN-4121,Natación,3/14/2025,P,Paula Quiroga,,,,
SN-4121,Natación,3/21/2025,A,Paula Quiroga,,,,
SN-4121,Natación,3/28/2025,P,Paula Quiroga,,,,
SN-4121,Natación,4/4/2025,P,Paula Quiroga,,,,
SN-4121,Natación,4/11/2025,A,Paula Quiroga,,,,
SN-4122,Natación,3/7/2025,P,Paula Quiroga,,,,
SN-4122,Natación,3/14/2025,P,Paula Quiroga,,,,
SN-4122,Natación,3/21/2025,P,Paula Quiroga,,,,
SN-4122,Natación,3/28/2025,A,Paula Quiroga,,,,
SN-4122,Natación,4/4/2025,P,Paula Quiroga,,,,
SN-4122,Natación,4/11/2025,P,Paula Quiroga,,,,
SN-4123,Natación,3/7/2025,P,Paula Quiroga,,,,
SN-4123,Natación,3/14/2025,J,Paula Quiroga,,,,
SN-4123,Natación,3/21/2025,P,Paula Quiroga,,,,
SN-4123,Natación,3/28/2025,P,Paula Quiroga,,,,
SN-4123,Natación,4/4/2025,J,Paula Quiroga,,,,
SN-4123,Natación,4/11/2025,P,Paula Quiroga,,,,
SN-4124,Natación,3/7/2025,P,Paula Quiroga,,,,
SN-4124,Natación,3/14/2025,P,Paula Quiroga,,,,
SN-4124,Natación,3/21/2025,A,Paula Quiroga,,,,
SN-4124,Natación,3/28/2025,P,Paula Quiroga,,,,
SN-4124,Natación,4/4/2025,P,Paula Quiroga,,,,
SN-4124,Natación,4/11/2025,P,Paula Quiroga,,,,
SN-4125,Natación,3/7/2025,J,Paula Quiroga,,,,
SN-4125,Natación,3/14/2025,P,Paula Quiroga,,,,
SN-4125,Natación,3/21/2025,P,Paula Quiroga,,,,
SN-4125,Natación,3/28/2025,A,Paula Quiroga,,,,
SN-4125,Natación,4/4/2025,P,Paula Quiroga,,,,
SN-4125,Natación,4/11/2025,P,Paula Quiroga,,,,
SN-4126,Natación,3/7/2025,J,Paula Quiroga,,,,
SN-4126,Natación,3/14/2025,P,Paula Quiroga,,,,
SN-4126,Natación,3/21/2025,P,Paula Quiroga,,,,
SN-4126,Natación,3/28/2025,P,Paula Quiroga,,,,
SN-4126,Natación,4/4/2025,J,Paula Quiroga,,,,
SN-4126,Natación,4/11/2025,P,Paula Quiroga,,,,
SN-4127,Natación,3/7/2025,P,Paula Quiroga,,,,
SN-4127,Natación,3/14/2025,J,Paula Quiroga,,,,
SN-4127,Natación,3/21/2025,P,Paula Quiroga,,,,
SN-4127,Natación,3/28/2025,P,Paula Quiroga,,,,
SN-4127,Natación,4/4/2025,P,Paula Quiroga,,,,
SN-4127,Natación,4/11/2025,A,Paula Quiroga,,,,
SN-4128,Natación,3/7/2025,P,Paula Quiroga,,,,
SN-4128,Natación,3/14/2025,P,Paula Quiroga,,,,
SN-4128,Natación,3/21/2025,A,Paula Quiroga,,,,
SN-4128,Natación,3/28/2025,P,Paula Quiroga,,,,
SN-4128,Natación,4/4/2025,P,Paula Quiroga,,,,
SN-4128,Natación,4/11/2025,A,Paula Quiroga,,,,
SN-4130,Natación,3/7/2025,P,Paula Quiroga,,,,
SN-4130,Natación,3/14/2025,P,Paula Quiroga,,,,
SN-4130,Natación,3/21/2025,A,Paula Quiroga,,,,
SN-4130,Natación,3/28/2025,P,Paula Quiroga,,,,
SN-4130,Natación,4/4/2025,J,Paula Quiroga,,,,
SN-4130,Natación,4/11/2025,P,Paula Quiroga,,,,
SN-4131,Natación,3/7/2025,P,Paula Quiroga,,,,
SN-4131,Natación,3/14/2025,P,Paula Quiroga,,,,
SN-4131,Natación,3/21/2025,A,Paula Quiroga,,,,
SN-4131,Natación,3/28/2025,P,Paula Quiroga,,,,
SN-4131,Natación,4/4/2025,P,Paula Quiroga,,,,
SN-4131,Natación,4/11/2025,A,Paula Quiroga,,,,
SN-4135,Natación,3/7/2025,P,Paula Quiroga,,,,
SN-4135,Natación,3/14/2025,P,Paula Quiroga,,,,
SN-4135,Natación,3/21/2025,A,Paula Quiroga,,,,
SN-4135,Natación,3/28/2025,P,Paula Quiroga,,,,
SN-4135,Natación,4/4/2025,P,Paula Quiroga,,,,
SN-4135,Natación,4/11/2025,A,Paula Quiroga,,,,
SN-4136,Natación,3/7/2025,P,Paula Quiroga,,,,
SN-4136,Natación,3/14/2025,P,Paula Quiroga,,,,
SN-4136,Natación,3/21/2025,P,Paula Quiroga,,,,
SN-4136,Natación,3/28/2025,A,Paula Quiroga,,,,
SN-4136,Natación,4/4/2025,P,Paula Quiroga,,,,
SN-4136,Natación,4/11/2025,A,Paula Quiroga,,,,
SN-4138,Natación,3/7/2025,P,Paula Quiroga,,,,
SN-4138,Natación,3/14/2025,P,Paula Quiroga,,,,
SN-4138,Natación,3/21/2025,A,Paula Quiroga,,,,
SN-4138,Natación,3/28/2025,P,Paula Quiroga,,,,
SN-4138,Natación,4/4/2025,P,Paula Quiroga,,,,
SN-4138,Natación,4/11/2025,P,Paula Quiroga,,,,
SN-4140,Natación,3/7/2025,J,Paula Quiroga,,,,
SN-4140,Natación,3/14/2025,P,Paula Quiroga,,,,
SN-4140,Natación,3/21/2025,P,Paula Quiroga,,,,
SN-4140,Natación,3/28/2025,P,Paula Quiroga,,,,
SN-4140,Natación,4/4/2025,P,Paula Quiroga,,,,
SN-4140,Natación,4/11/2025,A,Paula Quiroga,,,,
SN-4028,Natación,3/7/2025,P,Paula Quiroga,,,,
SN-4028,Natación,3/14/2025,P,Paula Quiroga,,,,
SN-4028,Natación,3/21/2025,A,Paula Quiroga,,,,
SN-4028,Natación,3/28/2025,A,Paula Quiroga,,,,
SN-4028,Natación,4/4/2025,P,Paula Quiroga,,,,
SN-4028,Natación,4/11/2025,P,Paula Quiroga,,,,
SN-4030,Natación,3/7/2025,P,Paula Quiroga,,,,
SN-4030,Natación,3/14/2025,J,Paula Quiroga,,,,
SN-4030,Natación,3/21/2025,P,Paula Quiroga,,,,
SN-4030,Natación,3/28/2025,P,Paula Quiroga,,,,
SN-4030,Natación,4/4/2025,P,Paula Quiroga,,,,
SN-4030,Natación,4/11/2025,A,Paula Quiroga,,,,
SN-4114,Natación,3/7/2025,P,Paula Quiroga,,,,
SN-4114,Natación,3/14/2025,P,Paula Quiroga,,,,
SN-4114,Natación,3/21/2025,P,Paula Quiroga,,,,
SN-4114,Natación,3/28/2025,P,Paula Quiroga,,,,
SN-4114,Natación,4/4/2025,P,Paula Quiroga,,,,
SN-4114,Natación,4/11/2025,P,Paula Quiroga,,,,
SN-4055,Natación,3/7/2025,J,Paula Quiroga,,,,
SN-4055,Natación,3/14/2025,P,Paula Quiroga,,,,
SN-4055,Natación,3/21/2025,P,Paula Quiroga,,,,
SN-4055,Natación,3/28/2025,P,Paula Quiroga,,,,
SN-4055,Natación,4/4/2025,J,Paula Quiroga,,,,
SN-4055,Natación,4/11/2025,P,Paula Quiroga,,,,
SN-4115,Natación,3/7/2025,P,Paula Quiroga,,,,
SN-4115,Natación,3/14/2025,P,Paula Quiroga,,,,
SN-4115,Natación,3/21/2025,P,Paula Quiroga,,,,
SN-4115,Natación,3/28/2025,P,Paula Quiroga,,,,
SN-4115,Natación,4/4/2025,J,Paula Quiroga,,,,
SN-4115,Natación,4/11/2025,P,Paula Quiroga,,,,
SN-4065,Natación,3/7/2025,P,Paula Quiroga,,,,
SN-4065,Natación,3/14/2025,P,Paula Quiroga,,,,
SN-4065,Natación,3/21/2025,A,Paula Quiroga,,,,
SN-4065,Natación,3/28/2025,P,Paula Quiroga,,,,
SN-4065,Natación,4/4/2025,J,Paula Quiroga,,,,
SN-4065,Natación,4/11/2025,P,Paula Quiroga,,,,
SN-4046,Natación,3/7/2025,P,Paula Quiroga,,,,
SN-4046,Natación,3/14/2025,P,Paula Quiroga,,,,
SN-4046,Natación,3/21/2025,P,Paula Quiroga,,,,
SN-4046,Natación,3/28/2025,A,Paula Quiroga,,,,
SN-4046,Natación,4/4/2025,P,Paula Quiroga,,,,
SN-4046,Natación,4/11/2025,P,Paula Quiroga,,,,
SN-4089,Natación,3/7/2025,P,Paula Quiroga,,,,
SN-4089,Natación,3/14/2025,P,Paula Quiroga,,,,
SN-4089,Natación,3/21/2025,A,Paula Quiroga,,,,
SN-4089,Natación,3/28/2025,P,Paula Quiroga,,,,
SN-4089,Natación,4/4/2025,P,Paula Quiroga,,,,
SN-4089,Natación,4/11/2025,P,Paula Quiroga,,,,
SN-4034,Natación,3/7/2025,J,Paula Quiroga,,,,
SN-4034,Natación,3/14/2025,P,Paula Quiroga,,,,
SN-4034,Natación,3/21/2025,P,Paula Quiroga,,,,
SN-4034,Natación,3/28/2025,P,Paula Quiroga,,,,
SN-4034,Natación,4/4/2025,P,Paula Quiroga,,,,
SN-4034,Natación,4/11/2025,A,Paula Quiroga,,,,
SN-4090,Natación,3/7/2025,P,Paula Quiroga,,,,
SN-4090,Natación,3/14/2025,P,Paula Quiroga,,,,
SN-4090,Natación,3/21/2025,P,Paula Quiroga,,,,
SN-4090,Natación,3/28/2025,P,Paula Quiroga,,,,
SN-4090,Natación,4/4/2025,J,Paula Quiroga,,,,
SN-4090,Natación,4/11/2025,P,Paula Quiroga,,,,
SN-4004,Natación,3/7/2025,P,Paula Quiroga,,,,
SN-4004,Natación,3/14/2025,J,Paula Quiroga,,,,
SN-4004,Natación,3/21/2025,P,Paula Quiroga,,,,
SN-4004,Natación,3/28/2025,P,Paula Quiroga,,,,
SN-4004,Natación,4/4/2025,P,Paula Quiroga,,,,
SN-4004,Natación,4/11/2025,A,Paula Quiroga,,,,
SN-4091,Natación,3/7/2025,P,Paula Quiroga,,,,
SN-4091,Natación,3/14/2025,P,Paula Quiroga,,,,
SN-4091,Natación,3/21/2025,P,Paula Quiroga,,,,
SN-4091,Natación,3/28/2025,P,Paula Quiroga,,,,
SN-4091,Natación,4/4/2025,J,Paula Quiroga,,,,
SN-4091,Natación,4/11/2025,P,Paula Quiroga,,,,
SN-4092,Natación,3/7/2025,P,Paula Quiroga,,,,
SN-4092,Natación,3/14/2025,P,Paula Quiroga,,,,
SN-4092,Natación,3/21/2025,P,Paula Quiroga,,,,
SN-4092,Natación,3/28/2025,A,Paula Quiroga,,,,
SN-4092,Natación,4/4/2025,P,Paula Quiroga,,,,
SN-4092,Natación,4/11/2025,P,Paula Quiroga,,,,
SN-4093,Natación,3/7/2025,P,Paula Quiroga,,,,
SN-4093,Natación,3/14/2025,P,Paula Quiroga,,,,
SN-4093,Natación,3/21/2025,A,Paula Quiroga,,,,
SN-4093,Natación,3/28/2025,P,Paula Quiroga,,,,
SN-4093,Natación,4/4/2025,P,Paula Quiroga,,,,
SN-4093,Natación,4/11/2025,P,Paula Quiroga,,,,
SN-4001,Natación,3/7/2025,P,Paula Quiroga,,,,
SN-4001,Natación,3/14/2025,P,Paula Quiroga,,,,
SN-4001,Natación,3/21/2025,A,Paula Quiroga,,,,
SN-4001,Natación,3/28/2025,P,Paula Quiroga,,,,
SN-4001,Natación,4/4/2025,P,Paula Quiroga,,,,
SN-4001,Natación,4/11/2025,A,Paula Quiroga,,,,
SN-4094,Natación,3/7/2025,P,Paula Quiroga,,,,
SN-4094,Natación,3/14/2025,P,Paula Quiroga,,,,
SN-4094,Natación,3/21/2025,P,Paula Quiroga,,,,
SN-4094,Natación,3/28/2025,A,Paula Quiroga,,,,
SN-4094,Natación,4/4/2025,P,Paula Quiroga,,,,
SN-4094,Natación,4/11/2025,P,Paula Quiroga,,,,
SN-4116,Natación,3/7/2025,P,Paula Quiroga,,,,
SN-4116,Natación,3/14/2025,J,Paula Quiroga,,,,
SN-4116,Natación,3/21/2025,P,Paula Quiroga,,,,
SN-4116,Natación,3/28/2025,P,Paula Quiroga,,,,
SN-4116,Natación,4/4/2025,P,Paula Quiroga,,,,
SN-4116,Natación,4/11/2025,A,Paula Quiroga,,,,
SN-4117,Natación,3/7/2025,P,Paula Quiroga,,,,
SN-4117,Natación,3/14/2025,P,Paula Quiroga,,,,
SN-4117,Natación,3/21/2025,P,Paula Quiroga,,,,
SN-4117,Natación,3/28/2025,P,Paula Quiroga,,,,
SN-4117,Natación,4/4/2025,P,Paula Quiroga,,,,
SN-4117,Natación,4/11/2025,A,Paula Quiroga,,,,
SN-4020,Natación,3/7/2025,P,Paula Quiroga,,,,
SN-4020,Natación,3/14/2025,P,Paula Quiroga,,,,
SN-4020,Natación,3/21/2025,P,Paula Quiroga,,,,
SN-4020,Natación,3/28/2025,P,Paula Quiroga,,,,
SN-4020,Natación,4/4/2025,J,Paula Quiroga,,,,
SN-4020,Natación,4/11/2025,P,Paula Quiroga,,,,
SN-4058,Natación,3/7/2025,J,Paula Quiroga,,,,
SN-4058,Natación,3/14/2025,P,Paula Quiroga,,,,
SN-4058,Natación,3/21/2025,P,Paula Quiroga,,,,
SN-4058,Natación,3/28/2025,A,Paula Quiroga,,,,
SN-4058,Natación,4/4/2025,P,Paula Quiroga,,,,
SN-4058,Natación,4/11/2025,A,Paula Quiroga,,,,
SN-4148,Ajedrez,3/8/2025,P,Hector Alvarez,,,,
SN-4148,Ajedrez,3/15/2025,P,Hector Alvarez,,,,
SN-4148,Ajedrez,3/22/2025,P,Hector Alvarez,,,,
SN-4148,Ajedrez,3/29/2025,P,Hector Alvarez,,,,
SN-4148,Ajedrez,4/5/2025,P,Hector Alvarez,,,,
SN-4148,Ajedrez,4/12/2025,P,Hector Alvarez,,,,
SN-4144,Ajedrez,3/8/2025,P,Hector Alvarez,,,,
SN-4144,Ajedrez,3/15/2025,P,Hector Alvarez,,,,
SN-4144,Ajedrez,3/22/2025,P,Hector Alvarez,,,,
SN-4144,Ajedrez,3/29/2025,J,Hector Alvarez,,,,
SN-4144,Ajedrez,4/5/2025,P,Hector Alvarez,,,,
SN-4144,Ajedrez,4/12/2025,P,Hector Alvarez,,,,
SN-4149,Ajedrez,3/8/2025,P,Hector Alvarez,,,,
SN-4149,Ajedrez,3/15/2025,P,Hector Alvarez,,,,
SN-4149,Ajedrez,3/22/2025,P,Hector Alvarez,,,,
SN-4149,Ajedrez,3/29/2025,P,Hector Alvarez,,,,
SN-4149,Ajedrez,4/5/2025,J,Hector Alvarez,,,,
SN-4149,Ajedrez,4/12/2025,P,Hector Alvarez,,,,
SN-4150,Ajedrez,3/8/2025,P,Hector Alvarez,,,,
SN-4150,Ajedrez,3/15/2025,P,Hector Alvarez,,,,
SN-4150,Ajedrez,3/22/2025,P,Hector Alvarez,,,,
SN-4150,Ajedrez,3/29/2025,P,Hector Alvarez,,,,
SN-4150,Ajedrez,4/5/2025,J,Hector Alvarez,,,,
SN-4150,Ajedrez,4/12/2025,P,Hector Alvarez,,,,
SN-4129,Ajedrez,3/8/2025,P,Hector Alvarez,,,,
SN-4129,Ajedrez,3/15/2025,P,Hector Alvarez,,,,
SN-4129,Ajedrez,3/22/2025,P,Hector Alvarez,,,,
SN-4129,Ajedrez,3/29/2025,J,Hector Alvarez,,,,
SN-4129,Ajedrez,4/5/2025,P,Hector Alvarez,,,,
SN-4129,Ajedrez,4/12/2025,P,Hector Alvarez,,,,
SN-4132,Ajedrez,3/8/2025,P,Hector Alvarez,,,,
SN-4132,Ajedrez,3/15/2025,P,Hector Alvarez,,,,
SN-4132,Ajedrez,3/22/2025,J,Hector Alvarez,,,,
SN-4132,Ajedrez,3/29/2025,P,Hector Alvarez,,,,
SN-4132,Ajedrez,4/5/2025,P,Hector Alvarez,,,,
SN-4132,Ajedrez,4/12/2025,P,Hector Alvarez,,,,
SN-4133,Ajedrez,3/8/2025,P,Hector Alvarez,,,,
SN-4133,Ajedrez,3/15/2025,J,Hector Alvarez,,,,
SN-4133,Ajedrez,3/22/2025,P,Hector Alvarez,,,,
SN-4133,Ajedrez,3/29/2025,P,Hector Alvarez,,,,
SN-4133,Ajedrez,4/5/2025,P,Hector Alvarez,,,,
SN-4133,Ajedrez,4/12/2025,P,Hector Alvarez,,,,
SN-4143,Ajedrez,3/8/2025,P,Hector Alvarez,,,,
SN-4143,Ajedrez,3/15/2025,J,Hector Alvarez,,,,
SN-4143,Ajedrez,3/22/2025,P,Hector Alvarez,,,,
SN-4143,Ajedrez,3/29/2025,P,Hector Alvarez,,,,
SN-4143,Ajedrez,4/5/2025,P,Hector Alvarez,,,,
SN-4143,Ajedrez,4/12/2025,J,Hector Alvarez,,,,
SN-4154,Ajedrez,3/8/2025,P,Hector Alvarez,,,,
SN-4154,Ajedrez,3/15/2025,P,Hector Alvarez,,,,
SN-4154,Ajedrez,3/22/2025,P,Hector Alvarez,,,,
SN-4154,Ajedrez,3/29/2025,P,Hector Alvarez,,,,
SN-4154,Ajedrez,4/5/2025,P,Hector Alvarez,,,,
SN-4154,Ajedrez,4/12/2025,P,Hector Alvarez,,,,
SN-4037,Ajedrez,3/8/2025,P,Hector Alvarez,,,,
SN-4037,Ajedrez,3/15/2025,J,Hector Alvarez,,,,
SN-4037,Ajedrez,3/22/2025,P,Hector Alvarez,,,,
SN-4037,Ajedrez,3/29/2025,P,Hector Alvarez,,,,
SN-4037,Ajedrez,4/5/2025,P,Hector Alvarez,,,,
SN-4037,Ajedrez,4/12/2025,J,Hector Alvarez,,,,
SN-4057,Ajedrez,3/8/2025,J,Hector Alvarez,,,,
SN-4057,Ajedrez,3/15/2025,P,Hector Alvarez,,,,
SN-4057,Ajedrez,3/22/2025,P,Hector Alvarez,,,,
SN-4057,Ajedrez,3/29/2025,P,Hector Alvarez,,,,
SN-4057,Ajedrez,4/5/2025,P,Hector Alvarez,,,,
SN-4057,Ajedrez,4/12/2025,P,Hector Alvarez,,,,
SN-4031,Ajedrez,3/8/2025,J,Hector Alvarez,,,,
SN-4031,Ajedrez,3/15/2025,P,Hector Alvarez,,,,
SN-4031,Ajedrez,3/22/2025,P,Hector Alvarez,,,,
SN-4031,Ajedrez,3/29/2025,P,Hector Alvarez,,,,
SN-4031,Ajedrez,4/5/2025,P,Hector Alvarez,,,,
SN-4031,Ajedrez,4/12/2025,P,Hector Alvarez,,,,
SN-4016,Ajedrez,3/8/2025,P,Hector Alvarez,,,,
SN-4016,Ajedrez,3/15/2025,P,Hector Alvarez,,,,
SN-4016,Ajedrez,3/22/2025,P,Hector Alvarez,,,,
SN-4016,Ajedrez,3/29/2025,J,Hector Alvarez,,,,
SN-4016,Ajedrez,4/5/2025,P,Hector Alvarez,,,,
SN-4016,Ajedrez,4/12/2025,P,Hector Alvarez,,,,
SN-4054,Ajedrez,3/8/2025,P,Hector Alvarez,,,,
SN-4054,Ajedrez,3/15/2025,J,Hector Alvarez,,,,
SN-4054,Ajedrez,3/22/2025,P,Hector Alvarez,,,,
SN-4054,Ajedrez,3/29/2025,J,Hector Alvarez,,,,
SN-4054,Ajedrez,4/5/2025,J,Hector Alvarez,,,,
SN-4054,Ajedrez,4/12/2025,J,Hector Alvarez,,,,
SN-4038,Ajedrez,3/8/2025,P,Hector Alvarez,,,,
SN-4038,Ajedrez,3/15/2025,J,Hector Alvarez,,,,
SN-4038,Ajedrez,3/22/2025,P,Hector Alvarez,,,,
SN-4038,Ajedrez,3/29/2025,J,Hector Alvarez,,,,
SN-4038,Ajedrez,4/5/2025,P,Hector Alvarez,,,,
SN-4038,Ajedrez,4/12/2025,P,Hector Alvarez,,,,
SN-4048,Ajedrez,3/8/2025,P,Hector Alvarez,,,,
SN-4048,Ajedrez,3/15/2025,P,Hector Alvarez,,,,
SN-4048,Ajedrez,3/22/2025,J,Hector Alvarez,,,,
SN-4048,Ajedrez,3/29/2025,P,Hector Alvarez,,,,
SN-4048,Ajedrez,4/5/2025,P,Hector Alvarez,,,,
SN-4048,Ajedrez,4/12/2025,J,Hector Alvarez,,,,
SN-4075,Ajedrez,3/8/2025,P,Hector Alvarez,,,,
SN-4075,Ajedrez,3/15/2025,P,Hector Alvarez,,,,
SN-4075,Ajedrez,3/22/2025,P,Hector Alvarez,,,,
SN-4075,Ajedrez,3/29/2025,J,Hector Alvarez,,,,
SN-4075,Ajedrez,4/5/2025,P,Hector Alvarez,,,,
SN-4075,Ajedrez,4/12/2025,P,Hector Alvarez,,,,
SN-4076,Ajedrez,3/8/2025,P,Hector Alvarez,,,,
SN-4076,Ajedrez,3/15/2025,P,Hector Alvarez,,,,
SN-4076,Ajedrez,3/22/2025,J,Hector Alvarez,,,,
SN-4076,Ajedrez,3/29/2025,P,Roxana Guiterrez,,,,
SN-4076,Ajedrez,4/5/2025,J,Roxana Guiterrez,,,,
SN-4076,Ajedrez,4/12/2025,P,Roxana Guiterrez,,,,
SN-4015,Ajedrez,3/8/2025,P,Roxana Guiterrez,,,,
SN-4015,Ajedrez,3/15/2025,P,Roxana Guiterrez,,,,
SN-4015,Ajedrez,3/22/2025,J,Roxana Guiterrez,,,,
SN-4015,Ajedrez,3/29/2025,J,Roxana Guiterrez,,,,
SN-4015,Ajedrez,4/5/2025,J,Roxana Guiterrez,,,,
SN-4015,Ajedrez,4/12/2025,P,Roxana Guiterrez,,,,
SN-4060,Ajedrez,3/8/2025,P,Roxana Guiterrez,,,,
SN-4060,Ajedrez,3/15/2025,P,Roxana Guiterrez,,,,
SN-4060,Ajedrez,3/22/2025,P,Roxana Guiterrez,,,,
SN-4060,Ajedrez,3/29/2025,P,Roxana Guiterrez,,,,
SN-4060,Ajedrez,4/5/2025,P,Roxana Guiterrez,,,,
SN-4060,Ajedrez,4/12/2025,J,Roxana Guiterrez,,,,
SN-4051,Ajedrez,3/8/2025,P,Roxana Guiterrez,,,,
SN-4051,Ajedrez,3/15/2025,P,Roxana Guiterrez,,,,
SN-4051,Ajedrez,3/22/2025,P,Roxana Guiterrez,,,,
SN-4051,Ajedrez,3/29/2025,J,Roxana Guiterrez,,,,
SN-4051,Ajedrez,4/5/2025,P,Roxana Guiterrez,,,,
SN-4051,Ajedrez,4/12/2025,P,Roxana Guiterrez,,,,
SN-4061,Ajedrez,3/8/2025,P,Roxana Guiterrez,,,,
SN-4061,Ajedrez,3/15/2025,J,Roxana Guiterrez,,,,
SN-4061,Ajedrez,3/22/2025,P,Roxana Guiterrez,,,,
SN-4061,Ajedrez,3/29/2025,P,Roxana Guiterrez,,,,
SN-4061,Ajedrez,4/5/2025,J,Roxana Guiterrez,,,,
SN-4061,Ajedrez,4/12/2025,P,Roxana Guiterrez,,,,
SN-4069,Ajedrez,3/8/2025,P,Roxana Guiterrez,,,,
SN-4069,Ajedrez,3/15/2025,P,Roxana Guiterrez,,,,
SN-4069,Ajedrez,3/22/2025,J,Roxana Guiterrez,,,,
SN-4069,Ajedrez,3/29/2025,P,Roxana Guiterrez,,,,
SN-4069,Ajedrez,4/5/2025,P,Roxana Guiterrez,,,,
SN-4069,Ajedrez,4/12/2025,P,Roxana Guiterrez,,,,
SN-4113,Ajedrez,3/8/2025,P,Roxana Guiterrez,,,,
SN-4113,Ajedrez,3/15/2025,J,Roxana Guiterrez,,,,
SN-4113,Ajedrez,3/22/2025,P,Roxana Guiterrez,,,,
SN-4113,Ajedrez,3/29/2025,P,Roxana Guiterrez,,,,
SN-4113,Ajedrez,4/5/2025,P,Roxana Guiterrez,,,,
SN-4113,Ajedrez,4/12/2025,P,Roxana Guiterrez,,,,
SN-4053,Ajedrez,3/8/2025,J,Roxana Guiterrez,,,,
SN-4053,Ajedrez,3/15/2025,P,Roxana Guiterrez,,,,
SN-4053,Ajedrez,3/22/2025,P,Roxana Guiterrez,,,,
SN-4053,Ajedrez,3/29/2025,P,Roxana Guiterrez,,,,
SN-4053,Ajedrez,4/5/2025,J,Roxana Guiterrez,,,,
SN-4053,Ajedrez,4/12/2025,P,Roxana Guiterrez,,,,
SN-4003,Ajedrez,3/8/2025,P,Roxana Guiterrez,,,,
SN-4003,Ajedrez,3/15/2025,J,Roxana Guiterrez,,,,
SN-4003,Ajedrez,3/22/2025,P,Roxana Guiterrez,,,,
SN-4003,Ajedrez,3/29/2025,P,Hector Alvarez,,,,
SN-4003,Ajedrez,4/5/2025,P,Hector Alvarez,,,,
SN-4003,Ajedrez,4/12/2025,J,Hector Alvarez,,,,
SN-4062,Ajedrez,3/8/2025,P,Hector Alvarez,,,,
SN-4062,Ajedrez,3/15/2025,P,Hector Alvarez,,,,
SN-4062,Ajedrez,3/22/2025,J,Hector Alvarez,,,,
SN-4062,Ajedrez,3/29/2025,P,Hector Alvarez,,,,
SN-4062,Ajedrez,4/5/2025,P,Hector Alvarez,,,,
SN-4062,Ajedrez,4/12/2025,P,Hector Alvarez,,,,
SN-4077,Ajedrez,3/8/2025,J,Hector Alvarez,,,,
SN-4077,Ajedrez,3/15/2025,P,Hector Alvarez,,,,
SN-4077,Ajedrez,3/22/2025,P,Hector Alvarez,,,,
SN-4077,Ajedrez,3/29/2025,P,Hector Alvarez,,,,
SN-4077,Ajedrez,4/5/2025,P,Hector Alvarez,,,,
SN-4077,Ajedrez,4/12/2025,J,Hector Alvarez,,,,
SN-4074,Ajedrez,3/8/2025,P,Hector Alvarez,,,,
SN-4074,Ajedrez,3/15/2025,J,Hector Alvarez,,,,
SN-4074,Ajedrez,3/22/2025,P,Hector Alvarez,,,,
SN-4074,Ajedrez,3/29/2025,P,Hector Alvarez,,,,
SN-4074,Ajedrez,4/5/2025,P,Hector Alvarez,,,,
SN-4074,Ajedrez,4/12/2025,P,Hector Alvarez,,,,
SN-4063,Ajedrez,3/8/2025,P,Hector Alvarez,,,,
SN-4063,Ajedrez,3/15/2025,J,Hector Alvarez,,,,
SN-4063,Ajedrez,3/22/2025,P,Hector Alvarez,,,,
SN-4063,Ajedrez,3/29/2025,P,Hector Alvarez,,,,
SN-4063,Ajedrez,4/5/2025,J,Hector Alvarez,,,,
SN-4063,Ajedrez,4/12/2025,P,Hector Alvarez,,,,
SN-4032,Ajedrez,3/8/2025,P,Hector Alvarez,,,,
SN-4032,Ajedrez,3/15/2025,P,Hector Alvarez,,,,
SN-4032,Ajedrez,3/22/2025,J,Hector Alvarez,,,,
SN-4032,Ajedrez,3/29/2025,P,Hector Alvarez,,,,
SN-4032,Ajedrez,4/5/2025,P,Hector Alvarez,,,,
SN-4032,Ajedrez,4/12/2025,P,Hector Alvarez,,,,
SN-4005,Ajedrez,3/8/2025,J,Hector Alvarez,,,,
SN-4005,Ajedrez,3/15/2025,J,Hector Alvarez,,,,
SN-4005,Ajedrez,3/22/2025,P,Hector Alvarez,,,,
SN-4005,Ajedrez,3/29/2025,P,Hector Alvarez,,,,
SN-4005,Ajedrez,4/5/2025,J,Hector Alvarez,,,,
SN-4005,Ajedrez,4/12/2025,J,Hector Alvarez,,,,
SN-4035,Ajedrez,3/8/2025,P,Hector Alvarez,,,,
SN-4035,Ajedrez,3/15/2025,P,Hector Alvarez,,,,
SN-4035,Ajedrez,3/22/2025,P,Hector Alvarez,,,,
SN-4035,Ajedrez,3/29/2025,J,Hector Alvarez,,,,
SN-4035,Ajedrez,4/5/2025,P,Hector Alvarez,,,,
SN-4035,Ajedrez,4/12/2025,P,Hector Alvarez,,,,
SN-4110,Ajedrez,3/8/2025,P,Hector Alvarez,,,,
SN-4110,Ajedrez,3/15/2025,P,Hector Alvarez,,,,
SN-4110,Ajedrez,3/22/2025,P,Hector Alvarez,,,,
SN-4110,Ajedrez,3/29/2025,P,Hector Alvarez,,,,
SN-4110,Ajedrez,4/5/2025,P,Hector Alvarez,,,,
SN-4110,Ajedrez,4/12/2025,J,Hector Alvarez,,,,
SN-4009,Ajedrez,3/8/2025,J,Hector Alvarez,,,,
SN-4009,Ajedrez,3/15/2025,J,Hector Alvarez,,,,
SN-4009,Ajedrez,3/22/2025,P,Hector Alvarez,,,,
SN-4009,Ajedrez,3/29/2025,P,Hector Alvarez,,,,
SN-4009,Ajedrez,4/5/2025,J,Hector Alvarez,,,,
SN-4009,Ajedrez,4/12/2025,P,Hector Alvarez,,,,
SN-4040,Ajedrez,3/8/2025,P,Hector Alvarez,,,,
SN-4040,Ajedrez,3/15/2025,P,Hector Alvarez,,,,
SN-4040,Ajedrez,3/22/2025,P,Hector Alvarez,,,,
SN-4040,Ajedrez,3/29/2025,J,Hector Alvarez,,,,
SN-4040,Ajedrez,4/5/2025,P,Hector Alvarez,,,,
SN-4040,Ajedrez,4/12/2025,P,Hector Alvarez,,,,
SN-4068,Ajedrez,3/8/2025,J,Hector Alvarez,,,,
SN-4068,Ajedrez,3/15/2025,P,Hector Alvarez,,,,
SN-4068,Ajedrez,3/22/2025,P,Hector Alvarez,,,,
SN-4068,Ajedrez,3/29/2025,P,Hector Alvarez,,,,
SN-4068,Ajedrez,4/5/2025,P,Hector Alvarez,,,,
SN-4068,Ajedrez,4/12/2025,P,Hector Alvarez,,,,
SN-4033,Ajedrez,3/8/2025,P,Hector Alvarez,,,,
SN-4033,Ajedrez,3/15/2025,P,Hector Alvarez,,,,
SN-4033,Ajedrez,3/22/2025,P,Hector Alvarez,,,,
SN-4033,Ajedrez,3/29/2025,J,Hector Alvarez,,,,
SN-4033,Ajedrez,4/5/2025,P,Hector Alvarez,,,,
SN-4033,Ajedrez,4/12/2025,J,Hector Alvarez,,,,
SN-4008,Ajedrez,3/8/2025,P,Hector Alvarez,,,,
SN-4008,Ajedrez,3/15/2025,P,Hector Alvarez,,,,
SN-4008,Ajedrez,3/22/2025,P,Hector Alvarez,,,,
SN-4008,Ajedrez,3/29/2025,J,Hector Alvarez,,,,
SN-4008,Ajedrez,4/5/2025,P,Hector Alvarez,,,,
SN-4008,Ajedrez,4/12/2025,P,Hector Alvarez,,,,
SN-4014,Ajedrez,3/8/2025,P,Hector Alvarez,,,,
SN-4014,Ajedrez,3/15/2025,J,Hector Alvarez,,,,
SN-4014,Ajedrez,3/22/2025,P,Hector Alvarez,,,,
SN-4014,Ajedrez,3/29/2025,P,Hector Alvarez,,,,
SN-4014,Ajedrez,4/5/2025,P,Hector Alvarez,,,,
SN-4014,Ajedrez,4/12/2025,P,Hector Alvarez,,,,
SN-4078,Ajedrez,3/8/2025,J,Hector Alvarez,,,,
SN-4078,Ajedrez,3/15/2025,P,Hector Alvarez,,,,
SN-4078,Ajedrez,3/22/2025,P,Hector Alvarez,,,,
SN-4078,Ajedrez,3/29/2025,P,Hector Alvarez,,,,
SN-4078,Ajedrez,4/5/2025,P,Hector Alvarez,,,,
SN-4078,Ajedrez,4/12/2025,P,Hector Alvarez,,,,
SN-4041,Ajedrez,3/8/2025,J,Hector Alvarez,,,,
SN-4041,Ajedrez,3/15/2025,P,Hector Alvarez,,,,
SN-4041,Ajedrez,3/22/2025,P,Hector Alvarez,,,,
SN-4041,Ajedrez,3/29/2025,P,Hector Alvarez,,,,
SN-4041,Ajedrez,4/5/2025,J,Hector Alvarez,,,,
SN-4041,Ajedrez,4/12/2025,P,Hector Alvarez,,,,
SN-4059,Ajedrez,3/8/2025,P,Hector Alvarez,,,,
SN-4059,Ajedrez,3/15/2025,P,Hector Alvarez,,,,
SN-4059,Ajedrez,3/22/2025,P,Hector Alvarez,,,,
SN-4059,Ajedrez,3/29/2025,J,Hector Alvarez,,,,
SN-4059,Ajedrez,4/5/2025,P,Hector Alvarez,,,,
SN-4059,Ajedrez,4/12/2025,P,Hector Alvarez,,,,
SN-4073,Ajedrez,3/8/2025,P,Roxana Guiterrez,,,,
SN-4073,Ajedrez,3/15/2025,P,Roxana Guiterrez,,,,
SN-4073,Ajedrez,3/22/2025,P,Roxana Guiterrez,,,,
SN-4073,Ajedrez,3/29/2025,P,Roxana Guiterrez,,,,
SN-4073,Ajedrez,4/5/2025,J,Roxana Guiterrez,,,,
SN-4073,Ajedrez,4/12/2025,PP,Roxana Guiterrez,,,,
SN-4080,Ajedrez,3/8/2025,P,Roxana Guiterrez,,,,
SN-4080,Ajedrez,3/15/2025,P,Roxana Guiterrez,,,,
SN-4080,Ajedrez,3/22/2025,J,Roxana Guiterrez,,,,
SN-4080,Ajedrez,3/29/2025,P,Roxana Guiterrez,,,,
SN-4080,Ajedrez,4/5/2025,J,Roxana Guiterrez,,,,
SN-4080,Ajedrez,4/12/2025,J,Roxana Guiterrez,,,,
SN-4002,Ajedrez,3/8/2025,P,Roxana Guiterrez,,,,
SN-4002,Ajedrez,3/15/2025,P,Roxana Guiterrez,,,,
SN-4002,Ajedrez,3/22/2025,P,Roxana Guiterrez,,,,
SN-4002,Ajedrez,3/29/2025,P,Roxana Guiterrez,,,,
SN-4002,Ajedrez,4/5/2025,J,Roxana Guiterrez,,,,
SN-4002,Ajedrez,4/12/2025,P,Roxana Guiterrez,,,,
SN-4013,Ajedrez,3/8/2025,P,Roxana Guiterrez,,,,
SN-4013,Ajedrez,3/15/2025,P,Roxana Guiterrez,,,,
SN-4013,Ajedrez,3/22/2025,P,Roxana Guiterrez,,,,
SN-4013,Ajedrez,3/29/2025,J,Roxana Guiterrez,,,,
SN-4013,Ajedrez,4/5/2025,P,Roxana Guiterrez,,,,
SN-4013,Ajedrez,4/12/2025,P,Roxana Guiterrez,,,,
SN-4019,Ajedrez,3/8/2025,P,Roxana Guiterrez,,,,
SN-4019,Ajedrez,3/15/2025,P,Roxana Guiterrez,,,,
SN-4019,Ajedrez,3/22/2025,J,Roxana Guiterrez,,,,
SN-4019,Ajedrez,3/29/2025,P,Roxana Guiterrez,,,,
SN-4019,Ajedrez,4/5/2025,P,Roxana Guiterrez,,,,
SN-4019,Ajedrez,4/12/2025,J,Roxana Guiterrez,,,,
SN-4056,Ajedrez,3/8/2025,P,Roxana Guiterrez,,,,
SN-4056,Ajedrez,3/15/2025,P,Roxana Guiterrez,,,,
SN-4056,Ajedrez,3/22/2025,P,Roxana Guiterrez,,,,
SN-4056,Ajedrez,3/29/2025,P,Roxana Guiterrez,,,,
SN-4056,Ajedrez,4/5/2025,J,Roxana Guiterrez,,,,
SN-4056,Ajedrez,4/12/2025,P,Roxana Guiterrez,,,,
SN-4079,Ajedrez,3/8/2025,P,Roxana Guiterrez,,,,
SN-4079,Ajedrez,3/15/2025,P,Roxana Guiterrez,,,,
SN-4079,Ajedrez,3/22/2025,P,Roxana Guiterrez,,,,
SN-4079,Ajedrez,3/29/2025,P,Roxana Guiterrez,,,,
SN-4079,Ajedrez,4/5/2025,P,Roxana Guiterrez,,,,
SN-4079,Ajedrez,4/12/2025,P,Roxana Guiterrez,,,,
SN-4081,Ajedrez,3/8/2025,P,Roxana Guiterrez,,,,
SN-4081,Ajedrez,3/15/2025,P,Roxana Guiterrez,,,,
SN-4081,Ajedrez,3/22/2025,P,Roxana Guiterrez,,,,
SN-4081,Ajedrez,3/29/2025,P,Roxana Guiterrez,,,,
SN-4081,Ajedrez,4/5/2025,J,Roxana Guiterrez,,,,
SN-4081,Ajedrez,4/12/2025,J,Roxana Guiterrez,,,,
SN-4045,Ajedrez,3/8/2025,J,Hector Alvarez,,,,
SN-4045,Ajedrez,3/15/2025,P,Hector Alvarez,,,,
SN-4045,Ajedrez,3/22/2025,PP,Hector Alvarez,,,,
SN-4045,Ajedrez,3/29/2025,P,Hector Alvarez,,,,
SN-4045,Ajedrez,4/5/2025,J,Hector Alvarez,,,,
SN-4045,Ajedrez,4/12/2025,J,Hector Alvarez,,,,
SN-4067,Ajedrez,3/8/2025,J,Hector Alvarez,,,,
SN-4067,Ajedrez,3/15/2025,P,Hector Alvarez,,,,
SN-4067,Ajedrez,3/22/2025,P,Hector Alvarez,,,,
SN-4067,Ajedrez,3/29/2025,P,Hector Alvarez,,,,
SN-4067,Ajedrez,4/5/2025,P,Hector Alvarez,,,,
SN-4067,Ajedrez,4/12/2025,P,Hector Alvarez,,,,
SN-4111,Ajedrez,3/8/2025,P,Hector Alvarez,,,,
SN-4111,Ajedrez,3/15/2025,P,Hector Alvarez,,,,
SN-4111,Ajedrez,3/22/2025,P,Hector Alvarez,,,,
SN-4111,Ajedrez,3/29/2025,J,Hector Alvarez,,,,
SN-4111,Ajedrez,4/5/2025,P,Hector Alvarez,,,,
SN-4111,Ajedrez,4/12/2025,P,Hector Alvarez,,,,
SN-4112,Ajedrez,3/8/2025,P,Hector Alvarez,,,,
SN-4112,Ajedrez,3/15/2025,P,Hector Alvarez,,,,
SN-4112,Ajedrez,3/22/2025,P,Hector Alvarez,,,,
SN-4112,Ajedrez,3/29/2025,P,Hector Alvarez,,,,
SN-4112,Ajedrez,4/5/2025,P,Hector Alvarez,,,,
SN-4112,Ajedrez,4/12/2025,P,Hector Alvarez,,,,
SN-4127,Futsal,3/3/2025,P,Pablo Rodrigez,,,,
SN-4127,Futsal,3/10/2025,P,Pablo Rodrigez,,,,
SN-4127,Futsal,3/17/2025,P,Pablo Rodrigez,,,,
SN-4127,Futsal,3/24/2025,J,Pablo Rodrigez,,,,
SN-4127,Futsal,3/31/2025,P,Pablo Rodrigez,,,,
SN-4127,Futsal,4/7/2025,P,Pablo Rodrigez,,,,
SN-4128,Futsal,4/14/2025,P,Pablo Rodrigez,,,,
SN-4128,Futsal,3/3/2025,P,Pablo Rodrigez,,,,
SN-4128,Futsal,3/10/2025,P,Pablo Rodrigez,,,,
SN-4128,Futsal,3/17/2025,P,Pablo Rodrigez,,,,
SN-4128,Futsal,3/24/2025,P,Pablo Rodrigez,,,,
SN-4128,Futsal,3/31/2025,P,Pablo Rodrigez,,,,
SN-4130,Futsal,4/7/2025,A,Pablo Rodrigez,,,,
SN-4130,Futsal,4/14/2025,P,Pablo Rodrigez,,,,
SN-4130,Futsal,3/3/2025,P,Pablo Rodrigez,,,,
SN-4130,Futsal,3/10/2025,P,Pablo Rodrigez,,,,
SN-4130,Futsal,3/17/2025,P,Pablo Rodrigez,,,,
SN-4130,Futsal,3/24/2025,P,Pablo Rodrigez,,,,
SN-4131,Futsal,3/31/2025,P,Pablo Rodrigez,,,,
SN-4131,Futsal,4/7/2025,P,Pablo Rodrigez,,,,
SN-4131,Futsal,4/14/2025,J,Pablo Rodrigez,,,,
SN-4131,Futsal,3/3/2025,P,Pablo Rodrigez,,,,
SN-4131,Futsal,3/10/2025,P,Pablo Rodrigez,,,,
SN-4131,Futsal,3/17/2025,P,Pablo Rodrigez,,,,
SN-4135,Futsal,3/24/2025,P,Pablo Rodrigez,,,,
SN-4135,Futsal,3/31/2025,P,Pablo Rodrigez,,,,
SN-4135,Futsal,4/7/2025,A,Pablo Rodrigez,,,,
SN-4135,Futsal,4/14/2025,P,Pablo Rodrigez,,,,
SN-4135,Futsal,3/3/2025,P,Pablo Rodrigez,,,,
SN-4135,Futsal,3/10/2025,P,Pablo Rodrigez,,,,
SN-4136,Futsal,3/17/2025,P,Pablo Rodrigez,,,,
SN-4136,Futsal,3/24/2025,P,Pablo Rodrigez,,,,
SN-4136,Futsal,3/31/2025,J,Pablo Rodrigez,,,,
SN-4136,Futsal,4/7/2025,P,Pablo Rodrigez,,,,
SN-4136,Futsal,4/14/2025,P,Pablo Rodrigez,,,,
SN-4136,Futsal,3/3/2025,P,Pablo Rodrigez,,,,
SN-4138,Futsal,3/10/2025,P,Pablo Rodrigez,,,,
SN-4138,Futsal,3/17/2025,P,Pablo Rodrigez,,,,
SN-4138,Futsal,3/24/2025,P,Pablo Rodrigez,,,,
SN-4138,Futsal,3/31/2025,P,Pablo Rodrigez,,,,
SN-4138,Futsal,4/7/2025,A,Pablo Rodrigez,,,,
SN-4138,Futsal,4/14/2025,P,Pablo Rodrigez,,,,
SN-4140,Futsal,3/3/2025,P,Pablo Rodrigez,,,,
SN-4140,Futsal,3/10/2025,P,Pablo Rodrigez,,,,
SN-4140,Futsal,3/17/2025,P,Pablo Rodrigez,,,,
SN-4140,Futsal,3/24/2025,P,Pablo Rodrigez,,,,
SN-4140,Futsal,3/31/2025,P,Pablo Rodrigez,,,,
SN-4140,Futsal,4/7/2025,P,Pablo Rodrigez,,,,
